{
    "r1f1": 0.26044022565249303,
    "r2f1": 0.12075979276258496,
    "rLf1": 0.22862544522001962,
    "similarity": 0.5667439699172974,
    "mauve": 0.47255162067405454,
    "timing": {
        "model_load_time": 58.25549578666687,
        "rag_init_time": 154.75259375572205,
        "evaluation_time": 1522.9437699317932,
        "total_time": 1737.8723454475403
    }
}