{
    "r1f1": 0.263094351600639,
    "r2f1": 0.12364402968879146,
    "rLf1": 0.23197088191429097,
    "similarity": 0.566349446773529,
    "mauve": 0.5013228492845159,
    "timing": {
        "model_load_time": 44.73464250564575,
        "rag_init_time": 153.02005648612976,
        "evaluation_time": 1673.0159170627594,
        "total_time": 1872.7233765125275
    }
}