{
    "1_Baseline": {
        "r1f1": 0.25616331637023987,
        "r2f1": 0.11949918841328612,
        "rLf1": 0.2265237138432252,
        "similarity": 0.5589418411254883,
        "mauve": 0.4933390272775634,
        "timing": {
            "model_load_time": 65.33544421195984,
            "rag_init_time": 160.1018238067627,
            "evaluation_time": 1454.7795186042786,
            "total_time": 1682.1203877925873
        }
    },
    "2_ExpandQuery_Only": {
        "r1f1": 0.26044022565249303,
        "r2f1": 0.12075979276258496,
        "rLf1": 0.22862544522001962,
        "similarity": 0.5667439699172974,
        "mauve": 0.47255162067405454,
        "timing": {
            "model_load_time": 58.25549578666687,
            "rag_init_time": 154.75259375572205,
            "evaluation_time": 1522.9437699317932,
            "total_time": 1737.8723454475403
        }
    },
    "3_Focus_Only": {
        "r1f1": 0.263094351600639,
        "r2f1": 0.12364402968879146,
        "rLf1": 0.23197088191429097,
        "similarity": 0.566349446773529,
        "mauve": 0.5013228492845159,
        "timing": {
            "model_load_time": 44.73464250564575,
            "rag_init_time": 153.02005648612976,
            "evaluation_time": 1673.0159170627594,
            "total_time": 1872.7233765125275
        }
    },
    "4_ICL_Only": {
        "r1f1": 0.27260793528010246,
        "r2f1": 0.14438105192382444,
        "rLf1": 0.24284556693249848,
        "similarity": 0.5379271507263184,
        "mauve": 0.2958679514614236,
        "timing": {
            "model_load_time": 62.716755628585815,
            "rag_init_time": 7.331742525100708,
            "evaluation_time": 1326.7648613452911,
            "total_time": 1397.6256906986237
        }
    },
    "5_ExpandQuery_Focus": {
        "r1f1": 0.2538220156418223,
        "r2f1": 0.11479768340961127,
        "rLf1": 0.22280230926220182,
        "similarity": 0.5528271198272705,
        "mauve": 0.37898625368379646,
        "timing": {
            "model_load_time": 33.915847063064575,
            "rag_init_time": 156.93289256095886,
            "evaluation_time": 1659.7491326332092,
            "total_time": 1852.7080733776093
        }
    },
    "6_Focus_ICL": {
        "r1f1": 0.2745001155706532,
        "r2f1": 0.13057312289519232,
        "rLf1": 0.24222079573314254,
        "similarity": 0.579468846321106,
        "mauve": 0.41870452985668205,
        "timing": {
            "model_load_time": 38.36506533622742,
            "rag_init_time": 7.318500757217407,
            "evaluation_time": 1454.0320959091187,
            "total_time": 1500.556941986084
        }
    },
    "7_Hybrid_All_Features": {
        "r1f1": 0.3823303437231547,
        "r2f1": 0.27554813094354763,
        "rLf1": 0.36106264227164914,
        "similarity": 0.6331703662872314,
        "mauve": 0.46037596950926607,
        "timing": {
            "model_load_time": 25.626704454421997,
            "rag_init_time": 158.27164888381958,
            "evaluation_time": 1769.4889590740204,
            "total_time": 1955.462393283844
        }
    }
}