{
    "r1f1": 0.27260793528010246,
    "r2f1": 0.14438105192382444,
    "rLf1": 0.24284556693249848,
    "similarity": 0.5379271507263184,
    "mauve": 0.2958679514614236,
    "timing": {
        "model_load_time": 62.716755628585815,
        "rag_init_time": 7.331742525100708,
        "evaluation_time": 1326.7648613452911,
        "total_time": 1397.6256906986237
    }
}