{
    "r1f1": 0.2745001155706532,
    "r2f1": 0.13057312289519232,
    "rLf1": 0.24222079573314254,
    "similarity": 0.579468846321106,
    "mauve": 0.41870452985668205,
    "timing": {
        "model_load_time": 38.36506533622742,
        "rag_init_time": 7.318500757217407,
        "evaluation_time": 1454.0320959091187,
        "total_time": 1500.556941986084
    }
}