{
    "r1f1": 0.25616331637023987,
    "r2f1": 0.11949918841328612,
    "rLf1": 0.2265237138432252,
    "similarity": 0.5589418411254883,
    "mauve": 0.4933390272775634,
    "timing": {
        "model_load_time": 65.33544421195984,
        "rag_init_time": 160.1018238067627,
        "evaluation_time": 1454.7795186042786,
        "total_time": 1682.1203877925873
    }
}