{
    "r1f1": 0.3823303437231547,
    "r2f1": 0.27554813094354763,
    "rLf1": 0.36106264227164914,
    "similarity": 0.6331703662872314,
    "mauve": 0.46037596950926607,
    "timing": {
        "model_load_time": 25.626704454421997,
        "rag_init_time": 158.27164888381958,
        "evaluation_time": 1769.4889590740204,
        "total_time": 1955.462393283844
    }
}