{
    "r1f1": 0.2538220156418223,
    "r2f1": 0.11479768340961127,
    "rLf1": 0.22280230926220182,
    "similarity": 0.5528271198272705,
    "mauve": 0.37898625368379646,
    "timing": {
        "model_load_time": 33.915847063064575,
        "rag_init_time": 156.93289256095886,
        "evaluation_time": 1659.7491326332092,
        "total_time": 1852.7080733776093
    }
}