{
    "1_Baseline": {
        "model_load_time": 65.33544421195984,
        "rag_init_time": 160.1018238067627,
        "evaluation_time": 1454.7795186042786,
        "total_time": 1682.1203877925873
    },
    "2_ExpandQuery_Only": {
        "model_load_time": 58.25549578666687,
        "rag_init_time": 154.75259375572205,
        "evaluation_time": 1522.9437699317932,
        "total_time": 1737.8723454475403
    },
    "3_Focus_Only": {
        "model_load_time": 44.73464250564575,
        "rag_init_time": 153.02005648612976,
        "evaluation_time": 1673.0159170627594,
        "total_time": 1872.7233765125275
    },
    "4_ICL_Only": {
        "model_load_time": 62.716755628585815,
        "rag_init_time": 7.331742525100708,
        "evaluation_time": 1326.7648613452911,
        "total_time": 1397.6256906986237
    },
    "5_ExpandQuery_Focus": {
        "model_load_time": 33.915847063064575,
        "rag_init_time": 156.93289256095886,
        "evaluation_time": 1659.7491326332092,
        "total_time": 1852.7080733776093
    },
    "6_Focus_ICL": {
        "model_load_time": 38.36506533622742,
        "rag_init_time": 7.318500757217407,
        "evaluation_time": 1454.0320959091187,
        "total_time": 1500.556941986084
    },
    "7_Hybrid_All_Features": {
        "model_load_time": 25.626704454421997,
        "rag_init_time": 158.27164888381958,
        "evaluation_time": 1769.4889590740204,
        "total_time": 1955.462393283844
    }
}