Configuration,Config_Num,R1-F1 (%),R2-F1 (%),RL-F1 (%),Similarity (%),MAUVE (%)
1 Baseline,1,0.0,0.0,0.0,0.0,0.0
2 ExpandQuery Only,2,1.8583706244323883,11.874458720179545,2.6701021107388057,1.5772214411993204,-4.496306561530999
3 Focus Only,3,-1.0478740006735279,6.425270355541072,0.06915747340538793,1.1205144199586006,-44.07723112231328
4 ICL Only,4,4.600156854895361,26.446592546962904,5.832451327328162,5.657812660019179,-16.843709747678965
5 ExpandQuery Focus,5,-0.7638461325182031,3.799404144631048,-0.5854594634880886,0.3143643042534197,-7.29123179609368
6 Focus ICL,6,10.680214206048696,28.209871181596398,11.024014280555186,9.041048701691665,-37.595071181371885
7 Hybrid All Features,7,-4.708661369297679,11.323599570335642,-3.09074752097159,-0.4138180020089357,-24.885135153593172
