Configuration,Config_Num,Dataset,R1-F1,R2-F1,RL-F1,Similarity,MAUVE
1 Baseline,1,MMLU,0.10206722021321943,0.018875214122724596,0.08698697444288417,0.2880933880805969,0.6502422404803038
2 ExpandQuery Only,2,MMLU,0.10396400745083662,0.021116543632073027,0.08930961548355144,0.29263725876808167,0.6210053559557417
3 Focus Only,3,MMLU,0.1009976843493949,0.02008799766029692,0.08704713243660066,0.2913215160369873,0.3636334652888922
4 ICL Only,4,MMLU,0.10676247244045899,0.023867065094128368,0.09206044738838078,0.3043931722640991,0.5407173248369967
5 ExpandQuery Focus,5,MMLU,0.10128758369905191,0.01959235979041138,0.08647770096900634,0.2889990508556366,0.6028315714907719
6 Focus ICL,6,MMLU,0.1129682179661507,0.024199887711995695,0.09657643092769061,0.31414005160331726,0.4057832073203862
7 Hybrid All Features,7,MMLU,0.09726122044432357,0.02101256778802537,0.08429842668672254,0.28690120577812195,0.48842858011102785
