Configuration,Config_Num,Dataset,Model Load (s),RAG Init (s),Evaluation (s),Total Time (s)
1 Baseline,1,MMLU,77.27045011520386,185.05690145492554,4979.5020315647125,5244.107542991638
2 ExpandQuery Only,2,MMLU,37.88535261154175,183.86047840118408,5792.679857492447,6016.6704087257385
3 Focus Only,3,MMLU,32.053112268447876,183.40395379066467,5561.615606069565,5779.425690412521
4 ICL Only,4,MMLU,41.08945298194885,4.770659446716309,3412.40797662735,3459.379809141159
5 ExpandQuery Focus,5,MMLU,30.809330463409424,182.71628069877625,6142.323755025864,6358.13502240181
6 Focus ICL,6,MMLU,32.955761432647705,4.038602828979492,3762.1081805229187,3800.2072701454163
7 Hybrid All Features,7,MMLU,35.84115767478943,187.98358583450317,6353.024193525314,6579.159825086594
