Configuration,Config_Num,R1-F1 (%),R2-F1 (%),RL-F1 (%),Similarity (%),MAUVE (%)
1 Baseline,1,0.0,0.0,0.0,0.0,0.0
2 ExpandQuery Only,2,1.669602557796225,1.0549062014873754,0.927819582831408,1.395874886750055,-4.213614868100311
3 Focus Only,3,2.7057095171197356,3.468509979474059,2.4046789533195176,1.3252909521185205,1.6183236203732558
4 ICL Only,4,6.4195838587968375,20.821784516631844,7.205361775310408,-3.7597275517707938,-40.02745878546484
5 ExpandQuery Focus,5,-0.9139875145251666,-3.9343405307614003,-1.642832230624175,-1.093981671850713,-23.179348738089914
6 Focus ICL,6,7.158245552189305,9.26695371654506,6.92955347746997,3.672476040491867,-15.12843973296488
7 Hybrid All Features,7,49.25257415490444,130.58577602265268,59.39286715100256,13.280187615276073,-6.681623781155182
