Configuration,Config_Num,Dataset,Model Load (s),RAG Init (s),Evaluation (s),Total Time (s)
1 Baseline,1,TruthfulQA,65.33544421195984,160.1018238067627,1454.7795186042786,1682.1203877925873
2 ExpandQuery Only,2,TruthfulQA,58.25549578666687,154.75259375572205,1522.9437699317932,1737.8723454475403
3 Focus Only,3,TruthfulQA,44.73464250564575,153.02005648612976,1673.0159170627594,1872.7233765125275
4 ICL Only,4,TruthfulQA,62.716755628585815,7.331742525100708,1326.7648613452911,1397.6256906986237
5 ExpandQuery Focus,5,TruthfulQA,33.915847063064575,156.93289256095886,1659.7491326332092,1852.7080733776093
6 Focus ICL,6,TruthfulQA,38.36506533622742,7.318500757217407,1454.0320959091187,1500.556941986084
7 Hybrid All Features,7,TruthfulQA,25.626704454421997,158.27164888381958,1769.4889590740204,1955.462393283844
