Configuration,Config_Num,Dataset,R1-F1,R2-F1,RL-F1,Similarity,MAUVE
1 Baseline,1,TruthfulQA,0.25616331637023987,0.11949918841328612,0.2265237138432252,0.5589418411254883,0.4933390272775634
2 ExpandQuery Only,2,TruthfulQA,0.26044022565249303,0.12075979276258496,0.22862544522001962,0.5667439699172974,0.47255162067405454
3 Focus Only,3,TruthfulQA,0.263094351600639,0.12364402968879146,0.23197088191429097,0.566349446773529,0.5013228492845159
4 ICL Only,4,TruthfulQA,0.27260793528010246,0.14438105192382444,0.24284556693249848,0.5379271507263184,0.2958679514614236
5 ExpandQuery Focus,5,TruthfulQA,0.2538220156418223,0.11479768340961127,0.22280230926220182,0.5528271198272705,0.37898625368379646
6 Focus ICL,6,TruthfulQA,0.2745001155706532,0.13057312289519232,0.24222079573314254,0.579468846321106,0.41870452985668205
7 Hybrid All Features,7,TruthfulQA,0.3823303437231547,0.27554813094354763,0.36106264227164914,0.6331703662872314,0.46037596950926607
